<?xml version="1.0" encoding="UTF-8" standalone="yes"?>
<contentHaul xmlns:a="http://www.appian.com/ae/types/2009">
    <rule>
        <name>PR_ReviewRecognition</name>
        <uuid>3f05e81e-dc3a-4fa8-80cd-3bb2127d3ae4</uuid>
        <description></description>
        <parentUuid>132e1da9-afdb-42c8-93da-6f7af6fa6f4e</parentUuid>
        <visibility>
            <advertise>false</advertise>
            <hierarchy>true</hierarchy>
            <indexable>true</indexable>
            <quota>false</quota>
            <searchable>true</searchable>
            <system>false</system>
            <unlogged>false</unlogged>
        </visibility>
        <definition>=#&quot;SYSTEM_SYSRULES_formLayout&quot;(&#xD;
  label: &quot;Review New Recognition&quot;,&#xD;
  firstColumnContents: {&#xD;
    #&quot;_a-0000dd36-0e9a-8000-9ba2-011c48011c48_5370&quot;(&#xD;
      record: ri!record,&#xD;
      documents: ri!documents,&#xD;
      deletedDocuments: {},&#xD;
      creating: false,&#xD;
      readOnly: true&#xD;
    ),&#xD;
    #&quot;SYSTEM_SYSRULES_paragraphField&quot;(&#xD;
      label: &quot;Comments&quot;,&#xD;
      value: ri!comments,&#xD;
      saveInto: ri!comments&#xD;
    )&#xD;
  },&#xD;
  buttons: #&quot;SYSTEM_SYSRULES_ButtonLayout&quot;(&#xD;
    primaryButtons: {&#xD;
      #&quot;SYSTEM_SYSRULES_ButtonWidgetSubmit&quot;(&#xD;
        label: &quot;Approve Recognition&quot;,&#xD;
        style: &quot;PRIMARY&quot;,&#xD;
        value: &quot;Approve&quot;,&#xD;
        saveInto: ri!reviewResult&#xD;
      ),&#xD;
      #&quot;SYSTEM_SYSRULES_ButtonWidgetSubmit&quot;(&#xD;
        label: &quot;Reject Recognition&quot;,&#xD;
        style: &quot;PRIMARY&quot;,&#xD;
        value: &quot;Reject&quot;,&#xD;
        saveInto: ri!reviewResult&#xD;
      )&#xD;
    }&#xD;
  )&#xD;
)</definition>
        <namedTypedValue>
            <name>record</name>
            <type>
                <name>PR_Recognition</name>
                <namespace>urn:com:appian:types:PR</namespace>
            </type>
        </namedTypedValue>
        <namedTypedValue>
            <name>documents</name>
            <type>
                <name>CollaborationDocument?list</name>
                <namespace>http://www.appian.com/ae/types/2009</namespace>
            </type>
        </namedTypedValue>
        <namedTypedValue>
            <name>reviewResult</name>
            <type>
                <name>string</name>
                <namespace>http://www.w3.org/2001/XMLSchema</namespace>
            </type>
            <value/>
        </namedTypedValue>
        <namedTypedValue>
            <name>comments</name>
            <type>
                <name>string</name>
                <namespace>http://www.w3.org/2001/XMLSchema</namespace>
            </type>
            <value/>
        </namedTypedValue>
        <preferredEditor>interface</preferredEditor>
        <offlineEnabled>false</offlineEnabled>
    </rule>
    <roleMap public="true">
        <role allowForAll="false" inherit="true" name="readers">
            <users/>
            <groups/>
        </role>
        <role allowForAll="false" inherit="true" name="authors">
            <users/>
            <groups/>
        </role>
        <role allowForAll="false" inherit="true" name="administrators">
            <users>
                <userUuid>jvijayakumar@collabralink.com</userUuid>
            </users>
            <groups/>
        </role>
        <role allowForAll="false" inherit="false" name="denyReaders">
            <users/>
            <groups/>
        </role>
        <role allowForAll="false" inherit="false" name="denyAuthors">
            <users/>
            <groups/>
        </role>
        <role allowForAll="false" inherit="false" name="denyAdministrators">
            <users/>
            <groups/>
        </role>
    </roleMap>
    <typedValue>
        <type>
            <name>RuleTestConfig?list</name>
            <namespace>http://www.appian.com/ae/types/2009</namespace>
        </type>
        <value>
            <el>
                <a:name/>
                <a:ruleInputTestConfigs>
                    <a:value xmlns:n1="urn:com:appian:types:PR" xmlns:xsi="http://www.w3.org/2001/XMLSchema-instance" xsi:nil="true" xsi:type="n1:PR_Recognition"/>
                    <a:nameRef>record</a:nameRef>
                    <a:id/>
                </a:ruleInputTestConfigs>
                <a:ruleInputTestConfigs>
                    <a:nameRef>documents</a:nameRef>
                    <a:id/>
                </a:ruleInputTestConfigs>
                <a:ruleInputTestConfigs>
                    <a:value xmlns:xsd="http://www.w3.org/2001/XMLSchema" xmlns:xsi="http://www.w3.org/2001/XMLSchema-instance" xsi:type="xsd:string"/>
                    <a:nameRef>reviewResult</a:nameRef>
                    <a:id/>
                </a:ruleInputTestConfigs>
                <a:ruleInputTestConfigs>
                    <a:value xmlns:xsd="http://www.w3.org/2001/XMLSchema" xmlns:xsi="http://www.w3.org/2001/XMLSchema-instance" xsi:type="xsd:string"/>
                    <a:nameRef>comments</a:nameRef>
                    <a:id/>
                </a:ruleInputTestConfigs>
                <a:assertions xmlns:xsi="http://www.w3.org/2001/XMLSchema-instance" xsi:nil="true"/>
            </el>
        </value>
    </typedValue>
</contentHaul>
