<?xml version="1.0" encoding="UTF-8" standalone="yes"?>
<contentHaul xmlns:a="http://www.appian.com/ae/types/2009">
    <rule>
        <name>PR_CreateActivityCDT</name>
        <uuid>6322788c-13aa-4bec-8d2c-714c58cebb2e_MAKEACTIVITYCDT</uuid>
        <description>Constructs the activity CDT based on inputs</description>
        <parentUuid>132e1da9-afdb-42c8-93da-6f7af6fa6f4e</parentUuid>
        <visibility>
            <advertise>false</advertise>
            <hierarchy>true</hierarchy>
            <indexable>true</indexable>
            <quota>false</quota>
            <searchable>true</searchable>
            <system>false</system>
            <unlogged>false</unlogged>
        </visibility>
        <definition>'type!{urn:com:appian:types:PR}PR_Activity'(
  recordId: ri!recordId,
  who: ri!who,
  action: ri!action,
  /* Use a different Details pattern for each type of activity */
  details:if(
    ri!action = #&quot;_a-0000dd36-0e9a-8000-9ba2-011c48011c48_5335&quot;,
    &quot;To: &quot; &amp; #&quot;a2538be2-a8f5-40a9-86a2-7c6e7fc32ead_FORMATNAME&quot;(ri!taskAssignee) &amp; char(10) &amp; &quot;Details: &quot; &amp; ri!taskDetails &amp; if(
      isnull(ri!taskDeadline),
      &quot;&quot;,
      char(10) &amp; &quot;Deadline: &quot; &amp; ri!taskDeadline
    ),
    if(
      or(ri!action = #&quot;e7817537-f5ab-4da7-9888-00987e7331e0_ACTIONCOMPLETED&quot;, ri!action = #&quot;102cef08-6d50-40b5-9a4d-5936ecad5dfe_ACTIONSKIPPED&quot;),
      &quot;From: &quot; &amp; #&quot;a2538be2-a8f5-40a9-86a2-7c6e7fc32ead_FORMATNAME&quot;(ri!taskAssigner) &amp; char(10) &amp; if(isnull(ri!comments), &quot;(No Comments)&quot;, &quot;Comments: &quot; &amp; ri!comments),
      if(
        ri!action = #&quot;_a-0000dd36-0e9a-8000-9ba2-011c48011c48_5334&quot;,
        &quot;Message: &quot; &amp; ri!message &amp; if(not(isnull(ri!attachment)), char(10) &amp; &quot;Attachment: &quot; &amp; #&quot;_a-0000dd36-0e9a-8000-9ba2-011c48011c48_5351&quot;(ri!attachment), &quot;&quot;),
        if(
          or(ri!action = #&quot;_a-0000dd36-0e9a-8000-9ba2-011c48011c48_5333&quot;, ri!action = #&quot;_a-0000dd36-0e9a-8000-9ba2-011c48011c48_5337&quot;),
          #&quot;_a-0000dd36-0e9a-8000-9ba2-011c48011c48_5363&quot;(ri!oldCDT, ri!newCDT, #&quot;_a-0000dd36-0e9a-8000-9ba2-011c48011c48_5380&quot;, #&quot;_a-0000dd36-0e9a-8000-9ba2-011c48011c48_5379&quot;, #&quot;_a-0000dd36-0e9a-8000-9ba2-011c48011c48_5381&quot;) &amp;
            if(
              or(isnull(ri!newDocs), count(ri!newDocs)=0),
              &quot;&quot;,
              &quot;Attached Files: &quot; &amp; joinarray(apply(#&quot;_a-0000dd36-0e9a-8000-9ba2-011c48011c48_5351&quot;, ri!newDocs), &quot;, &quot;) &amp; char(10)
            ) &amp;
            if(or(isnull(ri!deletedDocs), count(ri!deletedDocs)=0),
              &quot;&quot;,
              &quot;Deleted Files: &quot; &amp; joinarray(apply(#&quot;_a-0000dd36-0e9a-8000-9ba2-011c48011c48_5351&quot;, ri!deletedDocs), &quot;, &quot;)
            ),
          &quot;no activity found&quot;
        )
      )
    )
  ),
  when: now()
)</definition>
        <namedTypedValue>
            <name>recordId</name>
            <type>
                <name>int</name>
                <namespace>http://www.w3.org/2001/XMLSchema</namespace>
            </type>
        </namedTypedValue>
        <namedTypedValue>
            <name>who</name>
            <type>
                <name>User</name>
                <namespace>http://www.appian.com/ae/types/2009</namespace>
            </type>
        </namedTypedValue>
        <namedTypedValue>
            <name>action</name>
            <type>
                <name>string</name>
                <namespace>http://www.w3.org/2001/XMLSchema</namespace>
            </type>
            <value/>
        </namedTypedValue>
        <namedTypedValue>
            <name>taskAssignee</name>
            <type>
                <name>User</name>
                <namespace>http://www.appian.com/ae/types/2009</namespace>
            </type>
        </namedTypedValue>
        <namedTypedValue>
            <name>taskAssigner</name>
            <type>
                <name>User</name>
                <namespace>http://www.appian.com/ae/types/2009</namespace>
            </type>
        </namedTypedValue>
        <namedTypedValue>
            <name>taskDetails</name>
            <type>
                <name>string</name>
                <namespace>http://www.w3.org/2001/XMLSchema</namespace>
            </type>
            <value/>
        </namedTypedValue>
        <namedTypedValue>
            <name>taskDeadline</name>
            <type>
                <name>dateTime</name>
                <namespace>http://www.w3.org/2001/XMLSchema</namespace>
            </type>
        </namedTypedValue>
        <namedTypedValue>
            <name>comments</name>
            <type>
                <name>string</name>
                <namespace>http://www.w3.org/2001/XMLSchema</namespace>
            </type>
            <value/>
        </namedTypedValue>
        <namedTypedValue>
            <name>message</name>
            <type>
                <name>string</name>
                <namespace>http://www.w3.org/2001/XMLSchema</namespace>
            </type>
            <value/>
        </namedTypedValue>
        <namedTypedValue>
            <name>attachment</name>
            <type>
                <name>CollaborationDocument</name>
                <namespace>http://www.appian.com/ae/types/2009</namespace>
            </type>
        </namedTypedValue>
        <namedTypedValue>
            <name>oldCDT</name>
            <type>
                <name>PR_Recognition</name>
                <namespace>urn:com:appian:types:PR</namespace>
            </type>
        </namedTypedValue>
        <namedTypedValue>
            <name>newCDT</name>
            <type>
                <name>PR_Recognition</name>
                <namespace>urn:com:appian:types:PR</namespace>
            </type>
        </namedTypedValue>
        <namedTypedValue>
            <name>newDocs</name>
            <type>
                <name>CollaborationDocument?list</name>
                <namespace>http://www.appian.com/ae/types/2009</namespace>
            </type>
        </namedTypedValue>
        <namedTypedValue>
            <name>deletedDocs</name>
            <type>
                <name>CollaborationDocument?list</name>
                <namespace>http://www.appian.com/ae/types/2009</namespace>
            </type>
        </namedTypedValue>
        <preferredEditor>legacy</preferredEditor>
        <offlineEnabled>false</offlineEnabled>
    </rule>
    <roleMap public="true">
        <role allowForAll="false" inherit="true" name="readers">
            <users/>
            <groups/>
        </role>
        <role allowForAll="false" inherit="true" name="authors">
            <users/>
            <groups/>
        </role>
        <role allowForAll="false" inherit="true" name="administrators">
            <users/>
            <groups/>
        </role>
        <role allowForAll="false" inherit="false" name="denyReaders">
            <users/>
            <groups/>
        </role>
        <role allowForAll="false" inherit="false" name="denyAuthors">
            <users/>
            <groups/>
        </role>
        <role allowForAll="false" inherit="false" name="denyAdministrators">
            <users/>
            <groups/>
        </role>
    </roleMap>
</contentHaul>
