<?xml version="1.0" encoding="UTF-8" standalone="yes"?>
<contentHaul xmlns:a="http://www.appian.com/ae/types/2009">
    <rule>
        <name>PR_RecognitionDetails</name>
        <uuid>_a-0000dd36-0e9a-8000-9ba2-011c48011c48_5370</uuid>
        <description>&quot;Base&quot; interface module, with all the basic fields of the record. Used by the Summary record view, create/update, and task forms.</description>
        <parentUuid>132e1da9-afdb-42c8-93da-6f7af6fa6f4e</parentUuid>
        <visibility>
            <advertise>false</advertise>
            <hierarchy>true</hierarchy>
            <indexable>true</indexable>
            <quota>false</quota>
            <searchable>true</searchable>
            <system>false</system>
            <unlogged>false</unlogged>
        </visibility>
        <definition>load(
  /* The local variables store the options for the Pick Single / Multiple from List fields    *
   * We only show the active options, plus any inactive options already stored on this record */
  local!PR_statusOptions: if(ri!record.PR_status.active,#&quot;_a-0000dd36-0e9a-8000-9ba2-011c48011c48_5357&quot;(#&quot;_a-0000dd36-0e9a-8000-9ba2-011c48011c48_5391&quot;(), null),#&quot;_a-0000dd36-0e9a-8000-9ba2-011c48011c48_5357&quot;(#&quot;_a-0000dd36-0e9a-8000-9ba2-011c48011c48_5391&quot;(), ri!record.PR_status.value)),
  local!PR_priorityOptions: if(ri!record.PR_priority.active,#&quot;_a-0000dd36-0e9a-8000-9ba2-011c48011c48_5357&quot;(#&quot;_a-0000dd36-0e9a-8000-9ba2-011c48011c48_5392&quot;(), null),#&quot;_a-0000dd36-0e9a-8000-9ba2-011c48011c48_5357&quot;(#&quot;_a-0000dd36-0e9a-8000-9ba2-011c48011c48_5392&quot;(), ri!record.PR_priority.value)),
  local!PR_taskTypeOptions: if(or(isnull(ri!record.PR_taskType), and(ri!record.PR_taskType.active)),#&quot;_a-0000dd36-0e9a-8000-9ba2-011c48011c48_5357&quot;(#&quot;_a-0000dd36-0e9a-8000-9ba2-011c48011c48_5393&quot;(), null),#&quot;_a-0000dd36-0e9a-8000-9ba2-011c48011c48_5357&quot;(#&quot;_a-0000dd36-0e9a-8000-9ba2-011c48011c48_5393&quot;(), ri!record.PR_taskType.value)),
  local!PR_levelOptions: if(ri!record.PR_level.active,#&quot;_a-0000dd36-0e9a-8000-9ba2-011c48011c48_5357&quot;(#&quot;_a-0000dd36-0e9a-8000-9ba2-011c48011c48_5394&quot;(), null),#&quot;_a-0000dd36-0e9a-8000-9ba2-011c48011c48_5357&quot;(#&quot;_a-0000dd36-0e9a-8000-9ba2-011c48011c48_5394&quot;(), ri!record.PR_level.value)),
  local!PR_ratingOptions: if(ri!record.PR_rating.active,#&quot;_a-0000dd36-0e9a-8000-9ba2-011c48011c48_5357&quot;(#&quot;_a-0000dd36-0e9a-8000-9ba2-011c48011c48_5395&quot;(), null),#&quot;_a-0000dd36-0e9a-8000-9ba2-011c48011c48_5357&quot;(#&quot;_a-0000dd36-0e9a-8000-9ba2-011c48011c48_5395&quot;(), ri!record.PR_rating.value)),
  {
    #&quot;SYSTEM_SYSRULES_sectionLayout&quot;(
      label: ri!label,
      firstColumnContents: {
        #&quot;SYSTEM_SYSRULES_textField&quot;(
          label: &quot;Employee ID&quot;,
          labelPosition: if(ri!readOnly, &quot;ADJACENT&quot;, &quot;ABOVE&quot;),
          instructions: if(ri!readOnly, &quot;&quot;, &quot;Employee ID&quot;),
          helpTooltip: if(ri!readOnly, &quot;&quot;, &quot;&quot;),
          placeholder: if(ri!readOnly, &quot;&quot;, &quot;&quot;),
          required: not(ri!readOnly),
          value: ri!record.employeeId,
          saveInto: ri!record.employeeId,
          readOnly: ri!readOnly,
          validations: if(
            len(ri!record.employeeId) &lt;= 200,
            &quot;&quot;,
            &quot;Value may not be longer than 200 characters. You have entered &quot; &amp; len(ri!record.employeeId) &amp; &quot; characters.&quot;
          )
        ),
        if(
          ri!readOnly,
          #&quot;SYSTEM_SYSRULES_textField&quot;(
            label: &quot;Status&quot;,
            labelPosition: &quot;ADJACENT&quot;,
            value: ri!record.PR_status.value,
            readOnly: true
          ),
          #&quot;SYSTEM_SYSRULES_dropdownField&quot;(
            label: &quot;Status&quot;,
            labelPosition: &quot;ABOVE&quot;,
            instructions: &quot;&quot;,
            helpTooltip: &quot;&quot;,
            placeholderLabel: &quot;--- Select a Value ---&quot;,
            choiceLabels: local!PR_statusOptions.value,
            choiceValues: local!PR_statusOptions,
            required: not(ri!readOnly),
            value: ri!record.PR_status,
            saveInto: ri!record.PR_status
          )
        ),
        if(
          ri!readOnly,
          #&quot;SYSTEM_SYSRULES_imageField&quot;(
            label: &quot;Priority&quot;,
            labelPosition: &quot;ADJACENT&quot;,
            images: #&quot;_a-0000dd36-0e9a-8000-9ba2-011c48011c48_5366&quot;(ri!record.PR_priority.value),
            size: &quot;ICON&quot;
          ),
          #&quot;SYSTEM_SYSRULES_dropdownField&quot;(
            label: &quot;Priority&quot;,
            labelPosition: &quot;ABOVE&quot;,
            instructions: &quot;&quot;,
            helpTooltip: &quot;&quot;,
            placeholderLabel: &quot;--- Select a Value ---&quot;,
            choiceLabels: local!PR_priorityOptions.value,
            choiceValues: local!PR_priorityOptions,
            required: not(ri!readOnly),
            value: ri!record.PR_priority,
            saveInto: ri!record.PR_priority
          )
        ),
        if(
          ri!readOnly,
          if(
            isusernametaken(ri!record.employee),
            #&quot;SYSTEM_SYSRULES_linkField&quot;(
              label: &quot;Employee&quot;,
              labelPosition: &quot;ADJACENT&quot;,
              links: #&quot;_a-0000dd36-0e9a-8000-9ba2-011c48011c48_5375&quot;(ri!record.employee, #&quot;a2538be2-a8f5-40a9-86a2-7c6e7fc32ead_FORMATNAME&quot;(ri!record.employee))
            ),
            #&quot;SYSTEM_SYSRULES_textField&quot;(
              label: &quot;Employee&quot;,
              labelPosition: &quot;ADJACENT&quot;,
              readOnly: true,
              value: ri!record.employee
            )
          ),
          #&quot;SYSTEM_SYSRULES_pickerFieldUsers&quot;(
            label: &quot;Employee&quot;,
            labelPosition: &quot;ABOVE&quot;,
            instructions: &quot;Enter the Employee being recognized&quot;,
            helpTooltip: &quot;Enter the Employee being recognized&quot;,
            placeholder: &quot;Employee being recognized&quot;,
            maxSelections: 1,
            required: false,
            value: ri!record.employee,
            saveInto: ri!record.employee
          )
        ),
        if(
          ri!creating,
          {},
          {
            #&quot;SYSTEM_SYSRULES_linkField&quot;(
              label: &quot;Created By&quot;,
              labelPosition: if(ri!readOnly, &quot;ADJACENT&quot;, &quot;ABOVE&quot;),
              links: #&quot;SYSTEM_SYSRULES_userRecordLink&quot;(
                label: #&quot;a2538be2-a8f5-40a9-86a2-7c6e7fc32ead_FORMATNAME&quot;(ri!record.createdBy),
                user: ri!record.createdBy
              )
            ),
            #&quot;SYSTEM_SYSRULES_textField&quot;(
              label: &quot;Created On&quot;,
              labelPosition: if(ri!readOnly, &quot;ADJACENT&quot;, &quot;ABOVE&quot;),
              value: #&quot;_a-0000dd36-0e9a-8000-9ba2-011c48011c48_5352&quot;(ri!record.createdOn),
              readOnly: true
            )
          }
        )
      },
      secondColumnContents: {
        if(
          ri!readOnly,
          #&quot;SYSTEM_SYSRULES_textField&quot;(
            label: &quot;Task Type&quot;,
            labelPosition: &quot;ADJACENT&quot;,
            value: if(
              or(isnull(ri!record.PR_taskType), count(ri!record.PR_taskType.value)=0),
              &quot;&quot;,
              joinarray(ri!record.PR_taskType.value, &quot;, &quot;)
            ),
            readOnly: true
          ),
          #&quot;SYSTEM_SYSRULES_checkboxField&quot;(
            label: &quot;Task Type&quot;,
            labelPosition: &quot;ABOVE&quot;,
            instructions: &quot;Choose the type of tasks the employee has excelled in&quot;,
            helpTooltip: &quot;The type of task that is being recognized&quot;,
            choiceLabels: local!PR_taskTypeOptions.value,
            choiceValues: local!PR_taskTypeOptions,
            required: false,
            value: ri!record.PR_taskType,
            saveInto: ri!record.PR_taskType
          )
        ),
        if(
          ri!readOnly,
          #&quot;SYSTEM_SYSRULES_textField&quot;(
            label: &quot;Level&quot;,
            labelPosition: &quot;ADJACENT&quot;,
            value: ri!record.PR_level.value,
            readOnly: true
          ),
          #&quot;SYSTEM_SYSRULES_dropdownField&quot;(
            label: &quot;Level&quot;,
            labelPosition: &quot;ABOVE&quot;,
            instructions: &quot;Choose the level of recognition&quot;,
            helpTooltip: &quot;Level of recognition based on the how involved the individual is&quot;,
            placeholderLabel: &quot;--- Select a Value ---&quot;,
            choiceLabels: local!PR_levelOptions.value,
            choiceValues: local!PR_levelOptions,
            required: false,
            value: ri!record.PR_level,
            saveInto: ri!record.PR_level
          )
        ),
        if(
          ri!readOnly,
          #&quot;SYSTEM_SYSRULES_textField&quot;(
            label: &quot;Rating&quot;,
            labelPosition: &quot;ADJACENT&quot;,
            value: ri!record.PR_rating.value,
            readOnly: true
          ),
          #&quot;SYSTEM_SYSRULES_dropdownField&quot;(
            label: &quot;Rating&quot;,
            labelPosition: &quot;ABOVE&quot;,
            instructions: &quot;Choose the rating from a range of 1 to 5&quot;,
            helpTooltip: &quot;Level of rating of performance&quot;,
            placeholderLabel: &quot;--- Select a Value ---&quot;,
            choiceLabels: local!PR_ratingOptions.value,
            choiceValues: local!PR_ratingOptions,
            required: false,
            value: ri!record.PR_rating,
            saveInto: ri!record.PR_rating
          )
        ),
        #&quot;SYSTEM_SYSRULES_paragraphField&quot;(
          label: &quot;Description&quot;,
          labelPosition: if(ri!readOnly, &quot;ADJACENT&quot;, &quot;ABOVE&quot;),
          instructions: if(ri!readOnly, &quot;&quot;, &quot;Text of the performance&quot;),
          helpTooltip: if(ri!readOnly, &quot;&quot;, &quot;&quot;),
          placeholder: if(ri!readOnly, &quot;&quot;, &quot;Text of the performance&quot;),
          required: false,
          value: ri!record.PR_descriptio.value,
          saveInto: ri!record.PR_descriptio.value,
          readOnly: ri!readOnly,
          height: &quot;SHORT&quot;,
          validations: if(
            len(ri!record.PR_descriptio.value) &lt;= 4000,
            &quot;&quot;,
            &quot;Value may not be longer than 4000 characters. You have entered &quot; &amp; len(ri!record.PR_descriptio.value) &amp; &quot; characters.&quot;
          )
        ),
        if(
          ri!creating,
          {},
          {
            #&quot;SYSTEM_SYSRULES_linkField&quot;(
              label: &quot;Updated By&quot;,
              labelPosition: if(ri!readOnly, &quot;ADJACENT&quot;, &quot;ABOVE&quot;),
              links: #&quot;SYSTEM_SYSRULES_userRecordLink&quot;(
                label: #&quot;a2538be2-a8f5-40a9-86a2-7c6e7fc32ead_FORMATNAME&quot;(ri!record.updatedBy),
                user: ri!record.updatedBy
              )
            ),
            #&quot;SYSTEM_SYSRULES_textField&quot;(
              label: &quot;Updated On&quot;,
              labelPosition: if(ri!readOnly, &quot;ADJACENT&quot;, &quot;ABOVE&quot;),
              value: #&quot;_a-0000dd36-0e9a-8000-9ba2-011c48011c48_5352&quot;(ri!record.updatedOn),
              readOnly: true
            )
          }
        )
      }
    ),
    #&quot;_a-0000dd36-0e9a-8000-9ba2-011c48011c48_5365&quot;(
      documents: ri!documents,
      deletedDocuments: ri!deletedDocuments,
      readOnly: ri!readOnly,
      target: if(ri!creating,
        #&quot;_a-0000dd36-0e9a-8000-9ba2-011c48011c48_5343&quot;,
        ri!record.folderId
      )
    )
  }
)</definition>
        <namedTypedValue>
            <name>record</name>
            <type>
                <name>PR_Recognition</name>
                <namespace>urn:com:appian:types:PR</namespace>
            </type>
        </namedTypedValue>
        <namedTypedValue>
            <name>creating</name>
            <type>
                <name>boolean</name>
                <namespace>http://www.w3.org/2001/XMLSchema</namespace>
            </type>
        </namedTypedValue>
        <namedTypedValue>
            <name>readOnly</name>
            <type>
                <name>boolean</name>
                <namespace>http://www.w3.org/2001/XMLSchema</namespace>
            </type>
        </namedTypedValue>
        <namedTypedValue>
            <name>documents</name>
            <type>
                <name>CollaborationDocument?list</name>
                <namespace>http://www.appian.com/ae/types/2009</namespace>
            </type>
        </namedTypedValue>
        <namedTypedValue>
            <name>label</name>
            <type>
                <name>string</name>
                <namespace>http://www.w3.org/2001/XMLSchema</namespace>
            </type>
            <value/>
        </namedTypedValue>
        <namedTypedValue>
            <name>deletedDocuments</name>
            <type>
                <name>CollaborationDocument?list</name>
                <namespace>http://www.appian.com/ae/types/2009</namespace>
            </type>
        </namedTypedValue>
        <preferredEditor>interface</preferredEditor>
        <offlineEnabled>false</offlineEnabled>
    </rule>
    <roleMap public="true">
        <role allowForAll="false" inherit="true" name="readers">
            <users/>
            <groups/>
        </role>
        <role allowForAll="false" inherit="true" name="authors">
            <users/>
            <groups/>
        </role>
        <role allowForAll="false" inherit="true" name="administrators">
            <users/>
            <groups/>
        </role>
        <role allowForAll="false" inherit="false" name="denyReaders">
            <users/>
            <groups/>
        </role>
        <role allowForAll="false" inherit="false" name="denyAuthors">
            <users/>
            <groups/>
        </role>
        <role allowForAll="false" inherit="false" name="denyAdministrators">
            <users/>
            <groups/>
        </role>
    </roleMap>
</contentHaul>
