<?xml version="1.0" encoding="UTF-8" standalone="yes"?>
<contentHaul xmlns:a="http://www.appian.com/ae/types/2009">
    <constant>
        <name>PR_FIELD_TYPES</name>
        <uuid>_a-0000dd36-0e9a-8000-9ba2-011c48011c48_5381</uuid>
        <description>Types of all the CDT fields we want to check for changes. Parallel to the FIELD_DISPLAY_NAMES and FIELD_NAMES constants.</description>
        <parentUuid>132e1da9-afdb-42c8-93da-6f7af6fa6f4e</parentUuid>
        <visibility>
            <advertise>false</advertise>
            <hierarchy>true</hierarchy>
            <indexable>true</indexable>
            <quota>false</quota>
            <searchable>true</searchable>
            <system>false</system>
            <unlogged>false</unlogged>
        </visibility>
        <typedValue>
            <type>
                <name>Text?list</name>
                <namespace>http://www.appian.com/ae/types/2009</namespace>
            </type>
            <value>
                <el>TEXT</el>
                <el>SINGLE_SELECT</el>
                <el>SINGLE_SELECT</el>
                <el>USER</el>
                <el>MULTIPLE_SELECT</el>
                <el>SINGLE_SELECT</el>
                <el>SINGLE_SELECT</el>
                <el>PARAGRAPH_REFERENCE</el>
            </value>
        </typedValue>
    </constant>
    <roleMap public="false">
        <role allowForAll="false" inherit="true" name="readers">
            <users/>
            <groups/>
        </role>
        <role allowForAll="false" inherit="true" name="authors">
            <users/>
            <groups/>
        </role>
        <role allowForAll="false" inherit="true" name="administrators">
            <users/>
            <groups/>
        </role>
        <role allowForAll="false" inherit="false" name="denyReaders">
            <users/>
            <groups/>
        </role>
        <role allowForAll="false" inherit="false" name="denyAuthors">
            <users/>
            <groups/>
        </role>
        <role allowForAll="false" inherit="false" name="denyAdministrators">
            <users/>
            <groups/>
        </role>
    </roleMap>
</contentHaul>
