<?xml version="1.0" encoding="UTF-8" standalone="yes"?>
<contentHaul xmlns:a="http://www.appian.com/ae/types/2009">
    <rule>
        <name>PR_GridFilters</name>
        <uuid>_a-0000dd36-0e9a-8000-9ba2-011c48011c48_5368</uuid>
        <description>Returns a rich text field representing the filters applied to a grid, along with a link for clearing them</description>
        <parentUuid>549bab1a-7bf8-45d2-ad14-61adff7dc5f8</parentUuid>
        <visibility>
            <advertise>false</advertise>
            <hierarchy>true</hierarchy>
            <indexable>true</indexable>
            <quota>false</quota>
            <searchable>true</searchable>
            <system>false</system>
            <unlogged>false</unlogged>
        </visibility>
        <definition>#&quot;SYSTEM_SYSRULES_richTextDisplayField&quot;(
  label: &quot;Filters&quot;,
  labelPosition: &quot;ADJACENT&quot;,
  value: {
    if(isnull(ri!creator),
      {},
      {
        #&quot;SYSTEM_SYSRULES_richTextItem&quot;(text: &quot;Creator: &quot; &amp; #&quot;a2538be2-a8f5-40a9-86a2-7c6e7fc32ead_FORMATNAME&quot;(ri!creator)),
        char(10)
      }
    ),
    if(isnull(ri!creationTime),
      {},
      {
        #&quot;SYSTEM_SYSRULES_richTextItem&quot;(text: &quot;Created In: &quot; &amp; #&quot;_a-0000dd36-0e9a-8000-9ba2-011c48011c48_5355&quot;(eomonth(today(),ri!creationTime))),
        char(10)
      }
    ),
    if(isnull(ri!status),
      {},
      {
        #&quot;SYSTEM_SYSRULES_richTextItem&quot;(text: &quot;Status: &quot; &amp; ri!status),
        char(10)
      }
    ),
    if(isnull(ri!priority),
      {},
      {
        #&quot;SYSTEM_SYSRULES_richTextItem&quot;(text: &quot;Priority: &quot; &amp; ri!priority),
        char(10)
      }
    ),
    if(
      all(fn!isnull, {ri!creator, ri!creationTime, ri!status, ri!priority, ri!searchTerm}),
      #&quot;SYSTEM_SYSRULES_richTextItem&quot;(text: &quot;&lt;no filter applied&gt;&quot;, style: &quot;EMPHASIS&quot;),
      {
        #&quot;SYSTEM_SYSRULES_richTextItem&quot;(
          text: &quot;(Clear Filters and Search)&quot;,
          link: #&quot;SYSTEM_SYSRULES_dynamicLink&quot;(
            value: null,
            saveInto: {
              ri!creator,
              ri!creationTime,
              ri!status,
              ri!priority,
              ri!searchTerm
            }
          )
        )
      }
    )
  }
)</definition>
        <namedTypedValue>
            <name>creator</name>
            <type>
                <name>string</name>
                <namespace>http://www.w3.org/2001/XMLSchema</namespace>
            </type>
            <value/>
        </namedTypedValue>
        <namedTypedValue>
            <name>creationTime</name>
            <type>
                <name>int</name>
                <namespace>http://www.w3.org/2001/XMLSchema</namespace>
            </type>
        </namedTypedValue>
        <namedTypedValue>
            <name>status</name>
            <type>
                <name>string</name>
                <namespace>http://www.w3.org/2001/XMLSchema</namespace>
            </type>
            <value/>
        </namedTypedValue>
        <namedTypedValue>
            <name>priority</name>
            <type>
                <name>string</name>
                <namespace>http://www.w3.org/2001/XMLSchema</namespace>
            </type>
            <value/>
        </namedTypedValue>
        <namedTypedValue>
            <name>searchTerm</name>
            <type>
                <name>string</name>
                <namespace>http://www.w3.org/2001/XMLSchema</namespace>
            </type>
            <value/>
        </namedTypedValue>
        <preferredEditor>interface</preferredEditor>
        <offlineEnabled>false</offlineEnabled>
    </rule>
    <roleMap public="true">
        <role allowForAll="false" inherit="true" name="readers">
            <users/>
            <groups/>
        </role>
        <role allowForAll="false" inherit="true" name="authors">
            <users/>
            <groups/>
        </role>
        <role allowForAll="false" inherit="true" name="administrators">
            <users/>
            <groups/>
        </role>
        <role allowForAll="false" inherit="false" name="denyReaders">
            <users/>
            <groups/>
        </role>
        <role allowForAll="false" inherit="false" name="denyAuthors">
            <users/>
            <groups/>
        </role>
        <role allowForAll="false" inherit="false" name="denyAdministrators">
            <users/>
            <groups/>
        </role>
    </roleMap>
</contentHaul>
