<?xml version="1.0" encoding="UTF-8" standalone="yes"?>
<contentHaul xmlns:a="http://www.appian.com/ae/types/2009">
    <rule>
        <name>PR_GetActivityByRecord</name>
        <uuid>_a-0000dd36-0e9a-8000-9ba2-011c48011c48_5396</uuid>
        <description>Returns all activity history for a single record</description>
        <parentUuid>132e1da9-afdb-42c8-93da-6f7af6fa6f4e</parentUuid>
        <visibility>
            <advertise>false</advertise>
            <hierarchy>true</hierarchy>
            <indexable>true</indexable>
            <quota>false</quota>
            <searchable>true</searchable>
            <system>false</system>
            <unlogged>false</unlogged>
        </visibility>
        <definition>#&quot;SYSTEM_SYSRULES_queryEntity&quot;(
  entity: #&quot;272ef1d4-996b-4c0e-bee2-4fe07e1be6a4_CHANGEDSECONSTANT&quot;,
  query: #&quot;SYSTEM_SYSRULES_query&quot;(
    logicalExpression: #&quot;SYSTEM_SYSRULES_queryLogicalExpression&quot;(
      operator: &quot;AND&quot;,
      filters: {
        #&quot;SYSTEM_SYSRULES_queryFilter&quot;(
          field: &quot;recordId&quot;,
          operator: &quot;=&quot;,
          value: ri!recordId
        ),
        if(
          isnull(ri!userFilter),
          {},
          #&quot;SYSTEM_SYSRULES_queryFilter&quot;(
            field: &quot;who&quot;,
            operator: &quot;=&quot;,
            value: ri!userFilter
          )
        )
      },
      logicalExpressions: if(
        isnull(ri!searchTerm),
        {},
        #&quot;SYSTEM_SYSRULES_queryLogicalExpression&quot;(
          operator: &quot;OR&quot;,
          filters: {
            #&quot;SYSTEM_SYSRULES_queryFilter&quot;(
              field: &quot;action&quot;,
              operator: &quot;includes&quot;,
              value: ri!searchTerm
            ),
            #&quot;SYSTEM_SYSRULES_queryFilter&quot;(
              field: &quot;details&quot;,
              operator: &quot;includes&quot;,
              value: ri!searchTerm
            )
          }
        )
      )
    ),
    pagingInfo: #&quot;SYSTEM_SYSRULES_pagingInfo&quot;(1, 25, #&quot;SYSTEM_SYSRULES_sortInfo&quot;(&quot;when&quot;, false))
  )
)</definition>
        <namedTypedValue>
            <name>recordId</name>
            <type>
                <name>int</name>
                <namespace>http://www.w3.org/2001/XMLSchema</namespace>
            </type>
        </namedTypedValue>
        <namedTypedValue>
            <name>searchTerm</name>
            <type>
                <name>string</name>
                <namespace>http://www.w3.org/2001/XMLSchema</namespace>
            </type>
            <value/>
        </namedTypedValue>
        <namedTypedValue>
            <name>userFilter</name>
            <type>
                <name>User</name>
                <namespace>http://www.appian.com/ae/types/2009</namespace>
            </type>
        </namedTypedValue>
        <preferredEditor>legacy</preferredEditor>
        <offlineEnabled>false</offlineEnabled>
    </rule>
    <roleMap public="false">
        <role allowForAll="false" inherit="true" name="readers">
            <users/>
            <groups/>
        </role>
        <role allowForAll="false" inherit="true" name="authors">
            <users/>
            <groups/>
        </role>
        <role allowForAll="false" inherit="true" name="administrators">
            <users/>
            <groups/>
        </role>
        <role allowForAll="false" inherit="false" name="denyReaders">
            <users/>
            <groups/>
        </role>
        <role allowForAll="false" inherit="false" name="denyAuthors">
            <users/>
            <groups/>
        </role>
        <role allowForAll="false" inherit="false" name="denyAdministrators">
            <users/>
            <groups/>
        </role>
    </roleMap>
</contentHaul>
