<?xml version="1.0" encoding="UTF-8" standalone="yes"?>
<contentHaul xmlns:a="http://www.appian.com/ae/types/2009">
    <rule>
        <name>PR_GetAllTaskType</name>
        <uuid>_a-0000dd36-0e9a-8000-9ba2-011c48011c48_5393</uuid>
        <description>Returns all task type options for Recognitions</description>
        <parentUuid>132e1da9-afdb-42c8-93da-6f7af6fa6f4e</parentUuid>
        <visibility>
            <advertise>false</advertise>
            <hierarchy>true</hierarchy>
            <indexable>true</indexable>
            <quota>false</quota>
            <searchable>true</searchable>
            <system>false</system>
            <unlogged>false</unlogged>
        </visibility>
        <definition>cast(
  'type!{urn:com:appian:types:PR}PR_TaskType?list',
  #&quot;SYSTEM_SYSRULES_queryEntity&quot;(
    entity: #&quot;_a-0000dd36-0e9a-8000-9ba2-011c48011c48_5386&quot;,
    query: #&quot;SYSTEM_SYSRULES_query&quot;(
      pagingInfo: #&quot;SYSTEM_SYSRULES_pagingInfo&quot;(1, -1, #&quot;SYSTEM_SYSRULES_sortInfo&quot;(&quot;order&quot;, true))
    )
  ).data
)</definition>
        <preferredEditor>legacy</preferredEditor>
        <offlineEnabled>false</offlineEnabled>
    </rule>
    <roleMap public="false">
        <role allowForAll="false" inherit="true" name="readers">
            <users/>
            <groups/>
        </role>
        <role allowForAll="false" inherit="true" name="authors">
            <users/>
            <groups/>
        </role>
        <role allowForAll="false" inherit="true" name="administrators">
            <users/>
            <groups/>
        </role>
        <role allowForAll="false" inherit="false" name="denyReaders">
            <users/>
            <groups/>
        </role>
        <role allowForAll="false" inherit="false" name="denyAuthors">
            <users/>
            <groups/>
        </role>
        <role allowForAll="false" inherit="false" name="denyAdministrators">
            <users/>
            <groups/>
        </role>
    </roleMap>
</contentHaul>
