<?xml version="1.0" encoding="UTF-8" standalone="yes"?>
<contentHaul xmlns:a="http://www.appian.com/ae/types/2009">
    <rule>
        <name>PR_GetRecognitionById</name>
        <uuid>ce828c2e-8809-409d-802d-c3e85fb3f56c_GETONERECORD</uuid>
        <description>Returns the Recognition that matches the passed id</description>
        <parentUuid>132e1da9-afdb-42c8-93da-6f7af6fa6f4e</parentUuid>
        <visibility>
            <advertise>false</advertise>
            <hierarchy>true</hierarchy>
            <indexable>true</indexable>
            <quota>false</quota>
            <searchable>true</searchable>
            <system>false</system>
            <unlogged>false</unlogged>
        </visibility>
        <definition>cast(
  'type!{urn:com:appian:types:PR}PR_Recognition',
  #&quot;SYSTEM_SYSRULES_queryEntity&quot;(
    entity: #&quot;6271346b-fd51-44ab-bb55-394fbe8cb1a2_MAINDSECONSTANT&quot;,
    query: #&quot;SYSTEM_SYSRULES_query&quot;(
      filter: #&quot;SYSTEM_SYSRULES_queryFilter&quot;(
        field: &quot;id&quot;,
        operator: &quot;=&quot;,
        value: ri!id
      ),
      pagingInfo: #&quot;SYSTEM_SYSRULES_pagingInfo&quot;(1, 1)
    )
  ).data
)</definition>
        <namedTypedValue>
            <name>id</name>
            <type>
                <name>int</name>
                <namespace>http://www.w3.org/2001/XMLSchema</namespace>
            </type>
        </namedTypedValue>
        <preferredEditor>legacy</preferredEditor>
        <offlineEnabled>false</offlineEnabled>
    </rule>
    <roleMap public="true">
        <role allowForAll="false" inherit="true" name="readers">
            <users/>
            <groups/>
        </role>
        <role allowForAll="false" inherit="true" name="authors">
            <users/>
            <groups/>
        </role>
        <role allowForAll="false" inherit="true" name="administrators">
            <users/>
            <groups/>
        </role>
        <role allowForAll="false" inherit="false" name="denyReaders">
            <users/>
            <groups/>
        </role>
        <role allowForAll="false" inherit="false" name="denyAuthors">
            <users/>
            <groups/>
        </role>
        <role allowForAll="false" inherit="false" name="denyAdministrators">
            <users/>
            <groups/>
        </role>
    </roleMap>
</contentHaul>
