<?xml version="1.0" encoding="UTF-8" standalone="yes"?>
<tempoReportHaul xmlns:a="http://www.appian.com/ae/types/2009">
    <tempoReport name="Recognitions" a:uuid="f102076b-5afd-45ea-9bbc-301845a16de6">
        <a:description>Aggregated information and metrics on Recognitions</a:description>
        <a:uiExpr>=#&quot;_a-0000dd36-0e9a-8000-9ba2-011c48011c48_5376&quot;()</a:uiExpr>
        <a:urlStub>AGRTnA</a:urlStub>
    </tempoReport>
    <roleMap>
        <role name="report_administrator">
            <users/>
            <groups>
                <groupUuid>SYSTEM_GROUP_ROLE_QUICK_APP_CREATORS</groupUuid>
            </groups>
        </role>
        <role name="report_viewer">
            <users/>
            <groups>
                <groupUuid>_e-0000dd31-fa60-8000-9aee-01075c01075c_26</groupUuid>
            </groups>
        </role>
    </roleMap>
</tempoReportHaul>
