<?xml version="1.0" encoding="UTF-8" standalone="yes"?>
<applicationHaul xmlns:a="http://www.appian.com/ae/types/2009">
    <application>
        <name>Peer Recognition</name>
        <uuid>_a-0000dd36-0e9a-8000-9ba2-011c48011c48_5037</uuid>
        <description>Application for the employees to recognize the work of their peers in the organization.</description>
        <parentUuid>SYSTEM_APPLICATIONS_ROOT</parentUuid>
        <visibility>
            <advertise>false</advertise>
            <hierarchy>true</hierarchy>
            <indexable>true</indexable>
            <quota>false</quota>
            <searchable>true</searchable>
            <system>false</system>
            <unlogged>false</unlogged>
        </visibility>
        <urlIdentifier>qqyBPA</urlIdentifier>
        <published>true</published>
        <public>false</public>
        <associatedObjects>
            <globalIdMap>
                <item>
                    <type>datatype</type>
                    <uuids>
                        <uuid>{urn:com:appian:types:PR}PR_Status</uuid>
                        <uuid>{urn:com:appian:types:PR}PR_Priority</uuid>
                        <uuid>{urn:com:appian:types:PR}PR_TaskType</uuid>
                        <uuid>{urn:com:appian:types:PR}PR_Level</uuid>
                        <uuid>{urn:com:appian:types:PR}PR_Rating</uuid>
                        <uuid>{urn:com:appian:types:PR}PR_Paragraph</uuid>
                        <uuid>{urn:com:appian:types:PR}PR_Activity</uuid>
                        <uuid>{urn:com:appian:types:PR}PR_Recognition</uuid>
                    </uuids>
                </item>
                <item>
                    <type>dataStore</type>
                    <uuids>
                        <uuid>_a-0000dd36-0e9a-8000-9ba2-011c48011c48_5382</uuid>
                    </uuids>
                </item>
                <item>
                    <type>user</type>
                    <uuids/>
                </item>
                <item>
                    <type>groupType</type>
                    <uuids/>
                </item>
                <item>
                    <type>group</type>
                    <uuids>
                        <uuid>_e-0000dd31-fa60-8000-9aee-01075c01075c_26</uuid>
                    </uuids>
                </item>
                <item>
                    <type>content</type>
                    <uuids>
                        <uuid>272ef1d4-996b-4c0e-bee2-4fe07e1be6a4_CHANGEDSECONSTANT</uuid>
                        <uuid>6271346b-fd51-44ab-bb55-394fbe8cb1a2_MAINDSECONSTANT</uuid>
                        <uuid>e7817537-f5ab-4da7-9888-00987e7331e0_ACTIONCOMPLETED</uuid>
                        <uuid>102cef08-6d50-40b5-9a4d-5936ecad5dfe_ACTIONSKIPPED</uuid>
                        <uuid>ce828c2e-8809-409d-802d-c3e85fb3f56c_GETONERECORD</uuid>
                        <uuid>a2538be2-a8f5-40a9-86a2-7c6e7fc32ead_FORMATNAME</uuid>
                        <uuid>6322788c-13aa-4bec-8d2c-714c58cebb2e_MAKEACTIVITYCDT</uuid>
                        <uuid>96192a79-9d2d-46cd-997e-149bc8033045_TASKFORM</uuid>
                        <uuid>132e1da9-afdb-42c8-93da-6f7af6fa6f4e</uuid>
                        <uuid>_a-0000dd36-0e9a-8000-9ba2-011c48011c48_5379</uuid>
                        <uuid>_a-0000dd36-0e9a-8000-9ba2-011c48011c48_5380</uuid>
                        <uuid>_a-0000dd36-0e9a-8000-9ba2-011c48011c48_5381</uuid>
                        <uuid>_a-0000dd36-0e9a-8000-9ba2-011c48011c48_5385</uuid>
                        <uuid>_a-0000dd36-0e9a-8000-9ba2-011c48011c48_5386</uuid>
                        <uuid>_a-0000dd36-0e9a-8000-9ba2-011c48011c48_5388</uuid>
                        <uuid>_a-0000dd36-0e9a-8000-9ba2-011c48011c48_5384</uuid>
                        <uuid>_a-0000dd36-0e9a-8000-9ba2-011c48011c48_5387</uuid>
                        <uuid>_a-0000dd36-0e9a-8000-9ba2-011c48011c48_5391</uuid>
                        <uuid>_a-0000dd36-0e9a-8000-9ba2-011c48011c48_5392</uuid>
                        <uuid>_a-0000dd36-0e9a-8000-9ba2-011c48011c48_5393</uuid>
                        <uuid>_a-0000dd36-0e9a-8000-9ba2-011c48011c48_5394</uuid>
                        <uuid>_a-0000dd36-0e9a-8000-9ba2-011c48011c48_5395</uuid>
                        <uuid>_a-0000dd36-0e9a-8000-9ba2-011c48011c48_5396</uuid>
                        <uuid>549bab1a-7bf8-45d2-ad14-61adff7dc5f8</uuid>
                        <uuid>3e8274ca-35f1-44fd-b88d-be47eddf7284_KC</uuid>
                        <uuid>bad1785c-d5c7-4086-b9df-83df997b3363</uuid>
                        <uuid>_a-0000dd36-0e9a-8000-9ba2-011c48011c48_5338</uuid>
                        <uuid>_a-0000dd36-0e9a-8000-9ba2-011c48011c48_5347</uuid>
                        <uuid>_a-0000dd36-0e9a-8000-9ba2-011c48011c48_5363</uuid>
                        <uuid>_a-0000dd36-0e9a-8000-9ba2-011c48011c48_5351</uuid>
                        <uuid>_a-0000dd36-0e9a-8000-9ba2-011c48011c48_5337</uuid>
                        <uuid>_a-0000dd36-0e9a-8000-9ba2-011c48011c48_5335</uuid>
                        <uuid>_a-0000dd36-0e9a-8000-9ba2-011c48011c48_5334</uuid>
                        <uuid>_a-0000dd36-0e9a-8000-9ba2-011c48011c48_5333</uuid>
                        <uuid>_a-0000dd36-0e9a-8000-9ba2-011c48011c48_5378</uuid>
                        <uuid>_a-0000dd36-0e9a-8000-9ba2-011c48011c48_5375</uuid>
                        <uuid>_a-0000dd36-0e9a-8000-9ba2-011c48011c48_5352</uuid>
                        <uuid>_a-0000dd36-0e9a-8000-9ba2-011c48011c48_5359</uuid>
                        <uuid>_a-0000dd36-0e9a-8000-9ba2-011c48011c48_5372</uuid>
                        <uuid>_a-0000dd36-0e9a-8000-9ba2-011c48011c48_5371</uuid>
                        <uuid>_a-0000dd36-0e9a-8000-9ba2-011c48011c48_5343</uuid>
                        <uuid>_a-0000dd36-0e9a-8000-9ba2-011c48011c48_5346</uuid>
                        <uuid>_a-0000dd36-0e9a-8000-9ba2-011c48011c48_5365</uuid>
                        <uuid>_a-0000dd36-0e9a-8000-9ba2-011c48011c48_5357</uuid>
                        <uuid>_a-0000dd36-0e9a-8000-9ba2-011c48011c48_5366</uuid>
                        <uuid>_a-0000dd36-0e9a-8000-9ba2-011c48011c48_5370</uuid>
                        <uuid>_a-0000dd36-0e9a-8000-9ba2-011c48011c48_5374</uuid>
                        <uuid>_a-0000dd36-0e9a-8000-9ba2-011c48011c48_5364</uuid>
                        <uuid>_a-0000dd36-0e9a-8000-9ba2-011c48011c48_5362</uuid>
                        <uuid>_a-0000dd36-0e9a-8000-9ba2-011c48011c48_5361</uuid>
                        <uuid>_a-0000dd36-0e9a-8000-9ba2-011c48011c48_5350</uuid>
                        <uuid>_a-0000dd36-0e9a-8000-9ba2-011c48011c48_5373</uuid>
                        <uuid>_a-0000dd36-0e9a-8000-9ba2-011c48011c48_5342</uuid>
                        <uuid>76bd71e8-1926-42d5-9491-e8514923d1c3_ATTACH</uuid>
                        <uuid>_a-0000dd36-0e9a-8000-9ba2-011c48011c48_5340</uuid>
                        <uuid>_a-0000dd36-0e9a-8000-9ba2-011c48011c48_5377</uuid>
                        <uuid>_a-0000dd36-0e9a-8000-9ba2-011c48011c48_5367</uuid>
                        <uuid>_a-0000dd36-0e9a-8000-9ba2-011c48011c48_5341</uuid>
                        <uuid>6a959a46-e3b8-4906-9187-d22a68459d3b</uuid>
                        <uuid>_a-0000dd36-0e9a-8000-9ba2-011c48011c48_5344</uuid>
                        <uuid>_a-0000dd36-0e9a-8000-9ba2-011c48011c48_5339</uuid>
                        <uuid>_a-0000dd36-0e9a-8000-9ba2-011c48011c48_5349</uuid>
                        <uuid>_a-0000dd36-0e9a-8000-9ba2-011c48011c48_5355</uuid>
                        <uuid>_a-0000dd36-0e9a-8000-9ba2-011c48011c48_5356</uuid>
                        <uuid>_a-0000dd36-0e9a-8000-9ba2-011c48011c48_5345</uuid>
                        <uuid>_a-0000dd36-0e9a-8000-9ba2-011c48011c48_5348</uuid>
                        <uuid>_a-0000dd36-0e9a-8000-9ba2-011c48011c48_5358</uuid>
                        <uuid>_a-0000dd36-0e9a-8000-9ba2-011c48011c48_5368</uuid>
                        <uuid>_a-0000dd36-0e9a-8000-9ba2-011c48011c48_5376</uuid>
                        <uuid>3f05e81e-dc3a-4fa8-80cd-3bb2127d3ae4</uuid>
                    </uuids>
                </item>
                <item>
                    <type>forum</type>
                    <uuids/>
                </item>
                <item>
                    <type>processModelFolder</type>
                    <uuids>
                        <uuid>fdc02654-f4e3-46f4-bfb4-286ad9142cde</uuid>
                    </uuids>
                </item>
                <item>
                    <type>processModel</type>
                    <uuids>
                        <uuid>8ab92c7e-f5dd-4eb7-9d22-230577f45e89</uuid>
                        <uuid>e2bcc2a6-bb04-4bb6-aa4c-2a8edad307ef</uuid>
                        <uuid>90c88dd2-8059-4c25-9998-3c20671e4feb</uuid>
                        <uuid>89657c23-2d92-4d86-8576-1c7feed18191</uuid>
                        <uuid>61c3881e-729e-4b62-b044-ee775b13a0b9</uuid>
                        <uuid>0002dd5d-c217-8000-f92f-7f0000014e7a</uuid>
                    </uuids>
                </item>
                <item>
                    <type>portlet</type>
                    <uuids/>
                </item>
                <item>
                    <type>page</type>
                    <uuids/>
                </item>
                <item>
                    <type>application</type>
                    <uuids/>
                </item>
                <item>
                    <type>tempoFeed</type>
                    <uuids>
                        <uuid>b13b5410-11ca-466f-ae39-f57ba2993661</uuid>
                    </uuids>
                </item>
                <item>
                    <type>recordType</type>
                    <uuids>
                        <uuid>f2ea1187-5d24-41bc-af75-0640282fa0cc</uuid>
                    </uuids>
                </item>
                <item>
                    <type>tempoReport</type>
                    <uuids>
                        <uuid>f102076b-5afd-45ea-9bbc-301845a16de6</uuid>
                    </uuids>
                </item>
                <item>
                    <type>taskReport</type>
                    <uuids/>
                </item>
                <item>
                    <type>webApi</type>
                    <uuids/>
                </item>
                <item>
                    <type>site</type>
                    <uuids/>
                </item>
                <item>
                    <type>adminSetting</type>
                    <uuids/>
                </item>
                <item>
                    <type>thirdPartyCredentials</type>
                    <uuids/>
                </item>
                <item>
                    <type>dataSource</type>
                    <uuids/>
                </item>
            </globalIdMap>
        </associatedObjects>
        <applicationNavigation/>
        <applicationActions>
            <action>
                <displayLabel>New Recognition</displayLabel>
                <description>Create a new Recognition</description>
                <processModelUuid>61c3881e-729e-4b62-b044-ee775b13a0b9</processModelUuid>
                <actionUuid>8a41ad42-cb2a-4641-b8ef-97604c4821b6</actionUuid>
            </action>
        </applicationActions>
        <associatedApplications>
            <globalIdMap>
                <item>
                    <type>datatype</type>
                    <uuids/>
                </item>
                <item>
                    <type>dataStore</type>
                    <uuids/>
                </item>
                <item>
                    <type>user</type>
                    <uuids/>
                </item>
                <item>
                    <type>groupType</type>
                    <uuids/>
                </item>
                <item>
                    <type>group</type>
                    <uuids/>
                </item>
                <item>
                    <type>content</type>
                    <uuids/>
                </item>
                <item>
                    <type>forum</type>
                    <uuids/>
                </item>
                <item>
                    <type>processModelFolder</type>
                    <uuids/>
                </item>
                <item>
                    <type>processModel</type>
                    <uuids/>
                </item>
                <item>
                    <type>portlet</type>
                    <uuids/>
                </item>
                <item>
                    <type>page</type>
                    <uuids/>
                </item>
                <item>
                    <type>application</type>
                    <uuids/>
                </item>
                <item>
                    <type>tempoFeed</type>
                    <uuids/>
                </item>
                <item>
                    <type>recordType</type>
                    <uuids/>
                </item>
                <item>
                    <type>tempoReport</type>
                    <uuids/>
                </item>
                <item>
                    <type>taskReport</type>
                    <uuids/>
                </item>
                <item>
                    <type>webApi</type>
                    <uuids/>
                </item>
                <item>
                    <type>site</type>
                    <uuids/>
                </item>
                <item>
                    <type>adminSetting</type>
                    <uuids/>
                </item>
                <item>
                    <type>thirdPartyCredentials</type>
                    <uuids/>
                </item>
                <item>
                    <type>dataSource</type>
                    <uuids/>
                </item>
            </globalIdMap>
        </associatedApplications>
    </application>
    <roleMap>
        <contentRoleMap public="true">
            <role allowForAll="false" inherit="false" name="readers">
                <users/>
                <groups>
                    <groupUuid>_e-0000dd31-fa60-8000-9aee-01075c01075c_26</groupUuid>
                </groups>
            </role>
            <role allowForAll="false" inherit="false" name="authors">
                <users/>
                <groups/>
            </role>
            <role allowForAll="false" inherit="false" name="administrators">
                <users/>
                <groups>
                    <groupUuid>SYSTEM_GROUP_ROLE_QUICK_APP_CREATORS</groupUuid>
                </groups>
            </role>
            <role allowForAll="false" inherit="false" name="denyReaders">
                <users/>
                <groups/>
            </role>
            <role allowForAll="false" inherit="false" name="denyAuthors">
                <users/>
                <groups/>
            </role>
            <role allowForAll="false" inherit="false" name="denyAdministrators">
                <users/>
                <groups/>
            </role>
        </contentRoleMap>
    </roleMap>
</applicationHaul>
